UCS_MPa,ROP_mm_min,RPM,WOB_N,probeta_id
21.51606364,25.54537168,1902.32729701,8.64578962,1.00000000
27.25526564,10.21145248,1604.20331860,5.19150631,2.00000000
27.76145453,6.80317635,1714.74953210,3.29585510,3.00000000
29.78659996,8.20669438,1911.37512590,3.82699699,4.00000000
21.29130350,10.12983597,1327.42825402,4.86192733,5.00000000
24.11911866,15.18353042,1611.16716962,6.80155871,6.00000000
29.00223202,28.63269309,1632.09391294,15.22521144,7.00000000
25.03152452,16.40377011,1294.98784323,9.48811938,8.00000000
27.70818182,16.76875830,1295.32598008,10.73358290,9.00000000
27.56569653,27.46276438,1761.94816420,12.85686107,10.00000000
26.87834500,26.01946976,1528.45114133,13.69191715,11.00000000
21.55293396,13.30030830,1818.71236727,4.71649027,12.00000000
28.12464652,19.07639852,1692.69322340,9.48462273,13.00000000
20.96364677,11.12401433,1349.64704150,5.17038667,14.00000000
25.46803513,9.28236062,1977.37870755,3.57749373,15.00000000
20.55788254,24.85186879,1360.66595003,11.23571650,16.00000000
21.35958503,14.29548562,1817.26730095,5.02791317,17.00000000
25.51677932,28.41080137,1224.59547261,17.71460811,18.00000000
22.34440255,27.05211279,1131.93164680,15.97955170,19.00000000
23.26142065,21.02415135,1533.21624016,9.54478512,20.00000000
25.19333073,5.25756449,1682.71424168,2.35545430,21.00000000
25.07564604,28.14256627,1703.56723312,12.39571000,22.00000000
24.17046880,14.42689010,1708.31455612,6.10808135,23.00000000
24.86280755,10.92572354,1212.66754384,6.70306574,24.00000000
28.88069835,12.80139334,1516.94341434,7.29307045,25.00000000
21.96472412,26.86314464,1685.62607895,10.47457037,26.00000000
20.99741096,7.45344893,1018.05555142,4.60009085,27.00000000
20.10947173,17.87888627,1421.35826560,7.56924254,28.00000000
27.42273915,13.91702249,1719.32852085,6.64221840,29.00000000
27.47878697,27.52927711,1975.36771785,11.45933115,30.00000000
29.79697225,26.97407481,1397.80100786,17.20632817,31.00000000
28.38467529,18.93509325,1080.58166614,14.88362232,32.00000000
20.57435583,12.26924978,1413.24906020,5.34491012,33.00000000
23.17399417,29.37198583,1829.89862710,11.13068850,34.00000000
22.16833745,7.52307617,1418.72214722,3.51759707,35.00000000
28.43620263,24.10759278,1182.72368089,17.34430938,36.00000000
23.89382806,6.06650313,1010.56798107,4.29213608,37.00000000
20.89030181,12.13188083,1241.01963126,6.11095458,38.00000000
23.93272369,26.42336609,1858.93249745,10.17961859,39.00000000
26.76077396,20.71711774,1297.48129901,12.78620768,40.00000000
23.41237788,8.63651272,1899.82063532,3.18482958,41.00000000
23.87408283,12.28023192,1857.02932345,4.72421181,42.00000000
25.63807977,20.26703119,1417.88669650,10.96601813,43.00000000
29.24333314,13.38435272,1467.59639900,7.98054341,44.00000000
21.07376620,9.20285056,1203.26211502,4.82302087,45.00000000
23.72397531,19.98460342,1939.29544557,7.31566613,46.00000000
29.51510214,16.81917601,1365.57727136,10.87796315,47.00000000
26.50471343,17.87438998,1776.65347583,7.97933079,48.00000000
27.45665557,6.45324753,1837.60238762,2.88528867,49.00000000
23.35480687,13.69946826,1283.73572374,7.45794577,50.00000000
27.21802444,17.15313246,1606.79466706,8.69469829,51.00000000
28.91194826,13.36177657,1231.51696030,9.38676668,52.00000000
20.09814223,5.72652331,1644.73146624,2.09395239,53.00000000
22.36915034,28.93003042,1780.71253834,10.87475344,54.00000000
22.09563754,29.42505165,1562.34324394,12.45266125,55.00000000
22.83341693,8.71623220,1329.03146267,4.48104487,56.00000000
23.60562283,12.50582029,1986.39636280,4.44709690,57.00000000
24.55723246,22.53995173,1064.92302053,15.55353263,58.00000000
20.85441829,25.46300311,1023.92441639,15.51867582,59.00000000
27.92652998,16.45931236,1653.04857678,8.32066245,60.00000000
22.67067132,18.20315807,1601.70270921,7.70981697,61.00000000
22.51077355,15.60039791,1905.90793301,5.51364797,62.00000000
23.80497628,5.15579316,1448.40095541,2.53564992,63.00000000
26.11672116,20.41455583,1732.37635122,9.20939706,64.00000000
27.31262868,22.61446607,1677.35149518,11.01896024,65.00000000
27.80963287,7.08156044,1331.73259797,4.42508939,66.00000000
29.94525231,5.81903057,1759.98488932,2.96267855,67.00000000
28.62663677,26.49723815,1060.03498463,21.41241218,68.00000000
21.12079464,23.06613445,1510.74910695,9.64956162,69.00000000
28.01987997,26.26781903,1011.32397371,21.77784190,70.00000000
23.81447185,14.24259230,1609.29337013,6.30680832,71.00000000
24.34259336,13.86915981,1246.38999258,8.10546436,72.00000000
27.01514982,14.37394767,1081.68709261,10.74228448,73.00000000
24.10914597,15.92455315,1008.72890375,11.38910175,74.00000000
23.97027539,16.90030694,1726.40233172,7.02167071,75.00000000
28.06481990,6.93930567,1549.13390437,3.76187340,76.00000000
22.91385814,6.71539183,1357.05326627,3.39302876,77.00000000
23.66763390,29.58300882,1046.89409420,20.01286626,78.00000000
23.05516502,19.66954365,1884.84517139,7.19948937,79.00000000
28.95570851,7.72625097,1171.05526374,5.71663513,80.00000000
23.00925104,17.43034137,1279.26346477,9.38130457,81.00000000
20.32893840,12.79776472,1341.11700618,5.80493029,82.00000000
25.38162527,21.81456048,1883.79736737,8.79521716,83.00000000
20.97760180,15.97802204,1401.41241413,7.15694616,84.00000000
21.61805042,20.32638170,1586.29886041,8.28908221,85.00000000
22.08495089,29.01331496,1554.31988811,12.33582624,86.00000000
23.28231253,16.23466472,1563.59184831,7.23370674,87.00000000
28.35938053,15.87082415,1796.98460511,7.49491515,88.00000000
25.39423192,10.02522078,1739.41707394,4.37965757,89.00000000
28.98880790,16.01920821,1770.74689846,7.84747191,90.00000000
21.13963539,12.47643171,1558.54974575,5.06386448,91.00000000
25.12947256,26.15875883,1546.04241898,12.72312983,92.00000000
21.42165836,27.48480658,1932.60096468,9.11629644,93.00000000
21.67882028,21.26218279,1238.16019839,11.13990559,94.00000000
21.69954849,6.41923325,1136.81145939,3.66657243,95.00000000
24.27562100,20.09558680,1342.32753950,10.87495322,96.00000000
27.67156007,9.11948784,1049.02299305,7.19836630,97.00000000
23.88737592,15.57033904,1118.89810690,9.94697054,98.00000000
24.20578287,15.23051039,1306.99168006,8.44064480,99.00000000
20.65960077,29.89124687,1544.56641721,11.96393997,100.00000000
21.46550921,9.77355393,1626.90737452,3.85874197,101.00000000
26.66422387,10.55077243,1250.25161565,6.73334141,102.00000000
22.10429093,12.07790535,1827.08545134,4.37244351,103.00000000
27.90667573,14.30180619,1222.56597903,9.76880736,104.00000000
22.04684467,11.47512730,1154.74128836,6.55592712,105.00000000
28.49893376,5.94565262,1854.56559668,2.73401442,106.00000000
26.13633202,13.49009395,1615.27655218,6.53172033,107.00000000
28.84900505,27.20604404,1945.99094584,12.06897196,108.00000000
27.41233404,14.25759948,1270.41054601,9.20583513,109.00000000
26.73033726,15.84615260,1641.38670832,7.72204302,110.00000000
22.60029926,10.15460417,1086.36231175,6.32145944,111.00000000
21.50134929,21.61938899,1298.75797792,10.71015506,112.00000000
27.35399208,15.01940456,1505.28594728,8.16712649,113.00000000
29.96299134,27.08657564,1201.90860851,20.20610865,114.00000000
26.30714794,29.56017650,1194.80072966,19.47601803,115.00000000
27.30369230,20.86049784,1551.12252995,10.98790259,116.00000000
22.47544350,7.49771283,1678.26127685,3.00463939,117.00000000
27.98517983,8.07806348,1219.98625445,5.54491998,118.00000000
29.02242223,24.26836000,1308.75162374,16.10392386,119.00000000
24.00718082,16.37176213,1036.78559352,11.34390269,120.00000000
29.76681960,21.90278130,1334.72919367,14.61683685,121.00000000
28.00075358,25.22610871,1043.75244023,20.25057391,122.00000000
23.12943776,9.52844681,1249.93747370,5.27610899,123.00000000
22.02514366,18.65476210,1426.54105948,8.61864605,124.00000000
20.66087199,22.35861895,1832.26726653,7.54431226,125.00000000
22.78389637,6.98622857,1706.39326828,2.79129999,126.00000000
23.99453593,13.34782533,1355.32712833,7.07120773,127.00000000
21.86750256,23.76478867,1338.91885082,11.61431882,128.00000000
25.87656725,15.74068279,1580.04850929,7.71391175,129.00000000
20.86147952,16.51850616,1366.16150817,7.54794431,130.00000000
26.43440782,28.45691450,1686.19490968,13.34948396,131.00000000
23.31485258,14.51260311,1478.17701619,6.84961882,132.00000000
28.71900420,16.49797384,1702.06728949,8.32986800,133.00000000
24.66983972,7.26949542,1167.45574603,4.59668798,134.00000000
24.97036315,21.10791853,1900.79971798,8.29752875,135.00000000
21.84623014,8.32309673,1476.38321639,3.68533697,136.00000000
21.41396787,20.10371983,1315.25711851,9.79439841,137.00000000
24.63920285,6.01262134,1994.26208261,2.22291641,138.00000000
26.34316886,22.96298534,1599.47855098,11.31703869,139.00000000
25.68067433,25.31018981,1764.93154128,11.02018329,140.00000000
26.98424335,12.35438298,1521.62888706,6.55597694,141.00000000
26.86873885,24.31630477,1666.07923339,11.73448586,142.00000000
24.57418278,21.38304960,1455.41555109,10.80380094,143.00000000
28.47233653,19.71085670,1013.46166806,16.57052006,144.00000000
24.07593583,19.69332429,1284.73114649,11.04345113,145.00000000
21.18120162,18.47803425,1411.63155108,8.29659447,146.00000000
22.96351317,18.90506435,1110.10465391,11.70219754,147.00000000
23.78100751,22.58353870,1743.33353695,9.21842266,148.00000000
28.56376495,19.05373546,1156.21261297,14.08551518,149.00000000
26.22868712,29.92831764,1359.54565458,17.27746087,150.00000000
28.96690308,28.65729093,1393.36975278,17.82730428,151.00000000
28.67798205,9.47907467,1537.75161639,5.28984806,152.00000000
20.04091174,19.75756321,1594.29453917,7.43185374,153.00000000
22.72239600,23.85799648,1747.57239867,9.28256021,154.00000000
22.97323602,28.25953472,1760.55745449,11.03447909,155.00000000
29.85699034,5.53118208,1483.35067768,3.33146309,156.00000000
25.52815955,23.17103487,1037.06371938,17.06767452,157.00000000
20.03243549,11.55297823,1894.93599365,3.65466875,158.00000000
28.33525842,27.97820391,1115.17525676,21.27251023,159.00000000
20.34774210,25.82426882,1439.70761689,10.92156345,160.00000000
20.27383378,6.65435458,1396.55608055,2.89066855,161.00000000
24.67959666,15.77177825,1996.97808667,5.83257427,162.00000000
28.25673830,8.81662203,1102.69895392,6.76055183,163.00000000
24.80531443,19.40641229,1420.49736876,10.14061778,164.00000000
29.05852042,26.12098100,1807.94382392,12.56298687,165.00000000
22.54015346,24.37955082,1130.50890427,14.54532528,166.00000000
22.80790903,17.97919665,1813.07288937,6.76792204,167.00000000
23.68869647,24.01231331,1971.89460678,8.63189845,168.00000000
27.96796465,19.74984035,1068.23555927,15.47291992,169.00000000
29.14230939,25.04282405,1777.59032895,12.28543235,170.00000000
28.27574494,21.63457683,1052.34482629,17.39479229,171.00000000
27.29434584,24.75047035,1127.73976340,17.92512158,172.00000000
26.55978991,22.45920466,1391.84050774,12.82461668,173.00000000
28.10965569,26.66850491,1633.83953739,13.72965583,174.00000000
26.49554174,5.13414986,1935.92950805,2.10264842,175.00000000
23.98183345,5.11150037,1151.81435330,3.18466056,176.00000000
25.40114761,26.88050387,1172.33578062,17.42824194,177.00000000
25.10913293,12.97232548,1859.11830939,5.24272867,178.00000000
21.03461637,21.68097430,1990.18587431,6.85700724,179.00000000
21.70086770,10.23646834,1923.31486569,3.45614310,180.00000000
24.19612027,7.77592520,1112.88956814,5.05895242,181.00000000
23.15170434,10.06645320,1237.71081255,5.63449656,182.00000000
24.28866304,17.63418445,1879.69019312,6.81847999,183.00000000
28.44064606,13.82669930,1138.75004305,10.33342820,184.00000000
28.83248577,23.24743726,1799.48499434,11.14612215,185.00000000
25.29058666,23.25156929,1852.46444619,9.49896196,186.00000000
24.46323383,28.95780286,1447.64311402,14.64309304,187.00000000
26.07636596,20.02330407,1960.64621084,7.96890102,188.00000000
23.69061819,11.36747591,1742.17144440,4.62556089,189.00000000
23.59724433,5.78229570,1289.21070715,3.16703264,190.00000000
23.90667827,22.07331623,1787.69220417,8.83301429,191.00000000
29.58299192,28.36044574,1030.08621156,24.37229524,192.00000000
21.95234684,19.94135292,1673.04718498,7.82964809,193.00000000
27.81070597,13.55947711,1504.67325746,7.49941886,194.00000000
26.58795198,12.94885645,1465.64557505,7.02914007,195.00000000
27.46202002,21.75321158,1066.49436585,16.76147196,196.00000000
22.29261454,9.37566278,1111.05887919,5.62912338,197.00000000
28.03936205,28.80077805,1491.12368057,16.20591432,198.00000000
28.55612777,25.83125870,1092.89743204,20.19669639,199.00000000
20.13717235,20.07174784,1877.60726926,6.44160038,200.00000000
29.13695510,10.98104342,1072.44662881,8.92744004,201.00000000
27.07017053,14.69938533,1292.49686753,9.21245807,202.00000000
22.01357223,26.07444691,1882.80613693,9.12252117,203.00000000
25.18282324,27.14190974,1650.14118323,12.39477287,204.00000000
28.72023382,23.03778392,1779.32305922,11.12727245,205.00000000
26.00622798,27.55573981,1526.16209163,14.05088360,206.00000000
25.31198160,24.60791762,1658.14123572,11.24072563,207.00000000
28.19565469,5.36385243,1181.25164415,3.83117011,208.00000000
20.49130466,19.81815933,1662.56078940,7.30920680,209.00000000
23.70819342,26.67507189,1407.38945324,13.44635662,210.00000000
29.61052314,5.38934547,1296.83963459,3.68222808,211.00000000
28.80781228,20.51371532,1856.32635458,9.52609985,212.00000000
27.22673779,6.24590940,1823.82074674,2.79012715,213.00000000
29.07243808,9.18012976,1914.30605041,4.17189874,214.00000000
29.77606245,21.70765794,1038.77040184,18.61982208,215.00000000
25.91391789,7.94448076,1741.88244870,3.53667058,216.00000000
24.72555426,22.24794047,1574.83471551,10.45239292,217.00000000
22.82257630,17.33298752,1907.99800786,6.20404633,218.00000000
25.77771669,26.38363722,1174.28126038,17.33092886,219.00000000
24.84941542,19.96816851,1470.26759895,10.09887229,220.00000000
20.61700071,10.85122841,1727.48506665,3.87529659,221.00000000
25.42525691,14.22122355,1821.83863720,5.93891709,222.00000000
29.65831980,6.43919163,1910.91644566,2.99054989,223.00000000
23.39645203,6.77640960,1566.98087103,3.02761616,224.00000000
21.31600017,5.66450682,1981.83425182,1.82312038,225.00000000
20.84942608,23.20903685,1268.10914447,11.41851024,226.00000000
27.24416693,27.39006014,1076.75846316,20.73781909,227.00000000
23.56115657,26.36814462,1239.64572867,14.99662203,228.00000000
25.67848257,20.15040056,1155.89465452,13.39521355,229.00000000
24.42402192,28.61476665,1851.77763870,11.29362625,230.00000000
20.79335261,27.50264752,1767.48077543,9.68186849,231.00000000
23.64580665,20.54425113,1223.39224732,11.88211038,232.00000000
29.27298902,26.31967238,1588.75464769,14.51127498,233.00000000
20.19589268,21.07422165,1785.94226784,7.13119051,234.00000000
25.64495363,5.33370833,1728.60896713,2.36782323,235.00000000
25.97992647,19.04078684,1612.76579663,9.17838691,236.00000000
27.44308280,29.32839104,1001.78044608,24.04160408,237.00000000
20.81338657,12.43816975,1810.04013720,4.27982373,238.00000000
27.79961599,26.97579516,1003.38369951,22.36458623,239.00000000
22.13631750,8.29536186,1039.44312156,5.28633691,240.00000000
27.72020968,16.70328442,1847.58422490,7.49909748,241.00000000
24.26579263,10.33058508,1280.57105567,5.85774654,242.00000000
28.73498055,25.75572695,1028.45909500,21.53339731,243.00000000
25.72090070,9.32888042,1330.30357019,5.39734028,244.00000000
21.66282738,8.10597440,1067.29785390,4.92322391,245.00000000
20.21417930,18.55934449,1446.82830609,7.75919393,246.00000000
24.39202195,7.72171888,1793.49988725,3.14250004,247.00000000
28.93135634,24.42418685,1752.58804190,12.06490540,248.00000000
27.78543112,27.00197880,1025.12947303,21.90023973,249.00000000
29.81524892,23.60958374,1190.36858108,17.69539132,250.00000000
24.02613949,21.58008657,1000.46749593,15.50775925,251.00000000
25.32033294,10.38796194,1940.88460536,4.05522451,252.00000000
28.08302834,8.97206730,1707.39436211,4.41588215,253.00000000
26.14916777,27.19687036,1680.88279609,12.66059824,254.00000000
27.63137040,8.78286087,1450.66279342,5.00595351,255.00000000
26.81519440,19.63924235,1617.85715804,9.74048006,256.00000000
27.00931246,9.74498688,1596.30792635,4.93392990,257.00000000
22.46450283,8.88771014,1004.79374789,5.94599619,258.00000000
29.74582836,22.34839478,1958.60814063,10.15639783,259.00000000
22.19122251,20.93545071,1771.10432522,7.84936016,260.00000000
26.47796005,27.24327516,1316.79568362,16.39231543,261.00000000
20.63173535,10.63006102,1375.49219494,4.77120682,262.00000000
21.54442311,29.06724095,1480.58072834,12.65672795,263.00000000
25.66945390,21.66361950,1607.98187596,10.34859417,264.00000000
27.12028155,29.72470949,1285.20724189,18.76953466,265.00000000
29.25487385,18.44818883,1108.93095409,14.56338449,266.00000000
20.98709123,13.24018766,1525.52574498,5.45056731,267.00000000
20.15530593,24.06300153,1176.43932171,12.33628852,268.00000000
24.90142142,7.63499949,1206.37157354,4.71592525,269.00000000
24.98695097,12.99270844,1291.31136837,7.52310009,270.00000000
20.05807324,8.53262545,1567.74672762,3.26671201,271.00000000
25.30870929,24.55349694,1217.99002122,15.26702714,272.00000000
25.99702141,20.73050373,1897.27655634,8.49997530,273.00000000
26.80219952,22.72400953,1861.46434340,9.79074037,274.00000000
20.31528374,28.23798733,1868.16388230,9.18875172,275.00000000
21.30772518,22.04737675,1598.17861164,8.79596622,276.00000000
28.39833815,9.61894887,1490.15667383,5.48533894,277.00000000
20.77667271,19.47533344,1094.51490534,11.06252021,278.00000000
23.10060076,6.12143761,1675.66637160,2.52524782,279.00000000
23.30656973,27.71252780,1433.20844180,13.48528098,280.00000000
24.35011876,29.38454611,1833.54870589,11.67730104,281.00000000
25.43514770,10.60743838,1424.81655780,5.66631462,282.00000000
28.20820836,27.78600878,1998.14502598,11.73787614,283.00000000
21.97108860,28.17475573,1755.11744012,10.55408069,284.00000000
25.05539645,20.96683847,1208.53369024,13.00739484,285.00000000
25.61290329,26.78705721,1709.92430027,12.00664825,286.00000000
25.02016288,12.74780334,1303.61217391,7.32136295,287.00000000
28.21949825,6.54123433,1532.19646234,3.60503426,288.00000000
20.41903305,29.82416992,1362.09822597,13.37857837,289.00000000
27.83279543,28.39803554,1565.79652726,15.10513661,290.00000000
29.62718175,18.19007692,1665.93302639,9.68015244,291.00000000
21.20815699,28.52168211,1942.12264955,9.32000764,292.00000000
20.60960638,20.43581148,1228.61059506,10.25798798,293.00000000
21.28978153,17.30776338,1640.45823904,6.72143235,294.00000000
21.04225514,20.02998533,1522.03193419,8.28636398,295.00000000
22.95865567,8.74499624,1557.93343527,3.85631091,296.00000000
23.96532279,13.09581294,1715.35168199,5.47491562,297.00000000
20.18394103,22.19738580,1229.92589458,10.90043203,298.00000000
27.93571648,10.90908924,1226.62453107,7.43449580,299.00000000
28.97972893,6.60733811,1445.19618545,3.96468694,300.00000000
27.94216498,17.19921035,1725.56652777,8.33396572,301.00000000
26.83989487,14.47659469,1919.00281765,6.05879796,302.00000000
28.74238110,14.67370072,1909.44094072,6.60953684,303.00000000
26.18106696,21.41146759,1183.67883785,14.17146508,304.00000000
25.81567160,8.60727349,1908.77988867,3.48343761,305.00000000
21.79464458,21.72822577,1215.64947947,11.65683220,306.00000000
25.33523017,16.65714783,1180.62746673,10.69614960,307.00000000
29.03610791,12.20495680,1376.93128632,7.70153401,308.00000000
22.20112575,22.41651375,1323.63042580,11.25100153,309.00000000
27.77106066,29.10462937,1997.53576148,12.10806752,310.00000000
28.28664184,7.77299713,1403.27726225,4.68857932,311.00000000
26.31384930,5.47762958,1697.34327052,2.54110270,312.00000000
25.93073092,5.56131019,1619.29123434,2.66490523,313.00000000
25.75037942,27.40456756,1428.99163632,14.77718655,314.00000000
26.41491041,15.41369204,1143.78233260,10.65190521,315.00000000
28.64547175,11.73391056,1669.33831571,6.02516920,316.00000000
21.68721306,11.26183993,1614.51601063,4.52674048,317.00000000
21.83041128,27.90671026,1105.99468652,16.48285271,318.00000000
24.24857186,29.19795925,1258.19550536,16.83857716,319.00000000
22.35420170,8.59849120,1603.22719043,3.58757677,320.00000000
28.90717450,23.54382242,1384.45158084,14.71023812,321.00000000
26.15720992,5.42101138,1572.93353667,2.69759173,322.00000000
27.95595031,5.90320541,1824.23348495,2.70705194,323.00000000
27.15001207,17.56951965,1169.41628641,12.20606376,324.00000000
21.37945034,7.10060337,1920.21804002,2.36568056,325.00000000
20.70421458,6.16657761,1069.24825301,3.57305144,326.00000000
21.78917428,24.04544705,1287.19699793,12.17989284,327.00000000
29.16845479,7.55525754,1880.48199193,3.50677881,328.00000000
29.97560437,11.33353231,1890.85967548,5.37636558,329.00000000
26.36489540,8.06254511,1150.32884253,5.52956615,330.00000000
27.89741208,14.38611591,1962.37952621,6.11982954,331.00000000
20.46683543,15.25701996,1684.25774681,5.54787561,332.00000000
22.39913033,15.11928863,1299.83011899,7.79634009,333.00000000
26.26696780,9.15009165,1437.80502480,5.00207554,334.00000000
20.94033442,21.02563017,1400.10959048,9.40990981,335.00000000
24.48055293,22.65874186,1449.25002220,11.45324513,336.00000000
28.63665122,12.69501144,1368.09177151,7.95160783,337.00000000
24.18429146,8.38299429,1753.24128468,3.46023590,338.00000000
27.74090405,22.27319504,1309.40284469,14.12032547,339.00000000
22.77993816,7.14923369,1961.34586726,2.48469283,340.00000000
29.19189316,6.49355793,1395.11087208,4.06584777,341.00000000
26.10051630,10.41343443,1453.42119325,5.59585501,342.00000000
22.52908674,21.07829319,1016.36760868,13.98115561,343.00000000
21.15838552,15.43182077,1157.84352328,8.43848889,344.00000000
27.50039254,19.58143234,1712.52607878,9.40938010,345.00000000
20.91462460,7.06436267,1550.28360289,2.85185056,346.00000000
29.92985803,25.56635163,1035.72905730,22.10762611,347.00000000
29.40742368,29.51572403,1162.79774582,22.33680720,348.00000000
29.31550056,23.82530876,1869.68617319,11.17846039,349.00000000
28.53307091,25.49899727,1343.75849937,16.20187402,350.00000000
21.40266840,22.55332421,1819.78508736,7.93730815,351.00000000
28.86004578,8.33553311,1845.57514916,3.90043927,352.00000000
26.92712489,12.03903461,1147.09216149,8.45664681,353.00000000
27.20461780,9.85686856,1578.49294035,5.08339441,354.00000000
22.88466676,14.86283328,1849.81207962,5.50216291,355.00000000
27.69594355,9.50316442,1523.92302833,5.16816337,356.00000000
27.37830838,27.67748245,1645.30384385,13.78167296,357.00000000
24.36022543,24.21445698,1616.61720124,10.91851811,358.00000000
29.35146683,19.84307931,1281.17816905,13.60329779,359.00000000
28.42501667,24.58519124,1347.34048923,15.52071824,360.00000000
23.45396755,25.65219092,1406.20375855,12.80287148,361.00000000
22.58772739,25.69473345,1740.72805396,9.97701403,362.00000000
24.87456213,19.23442584,1676.30764108,8.54074595,363.00000000
24.73305030,22.85921099,1651.73593802,10.24266941,364.00000000
28.66484833,9.88167217,1337.06093152,6.33933567,365.00000000
21.53009715,19.12171081,1948.36362572,6.32291843,366.00000000
29.56388658,15.70710438,1652.67548820,8.40784948,367.00000000
26.91629026,17.37727419,1924.73048814,7.27179769,368.00000000
24.77227848,29.14550792,1386.80907341,15.57886322,369.00000000
24.03829537,13.26906142,1839.30535904,5.18925357,370.00000000
22.32615484,21.50071512,1713.78128439,8.38158780,371.00000000
20.29653041,6.59547558,1390.40469673,2.88098868,372.00000000
20.06568193,18.62864037,1489.73536497,7.50828608,373.00000000
28.78218220,6.96269305,1624.33803106,3.69181060,374.00000000
26.70515827,23.36881922,1683.18506027,11.09468342,375.00000000
29.43205986,11.70323125,1199.22197476,8.59491772,376.00000000
22.26423511,12.33886737,1089.23914867,7.54700592,377.00000000
26.90657931,29.86212957,1970.81227759,12.19969187,378.00000000
26.03190021,25.94101917,1335.91161505,15.12620690,379.00000000
29.17761710,21.43517623,1416.30105117,13.21405648,380.00000000
27.38775617,8.47091190,1974.63165279,3.51572891,381.00000000
26.09495497,20.19022296,1271.56765377,12.39861150,382.00000000
27.85739151,5.57576469,1436.96885091,3.23453897,383.00000000
28.22990913,10.59354666,1493.74042355,5.99087954,384.00000000
28.36351702,9.00858158,1629.96632360,4.69086272,385.00000000
22.50488906,20.64187025,1419.12081423,9.79538268,386.00000000
21.63554482,11.08066317,1750.75660332,4.09753501,387.00000000
23.34033031,20.57172816,1435.44266283,10.00937089,388.00000000
28.51428801,16.07575447,1840.96102068,7.45082152,389.00000000
28.70136568,14.81365526,1929.33315261,6.59435656,390.00000000
24.08860550,26.76909874,1317.67697265,14.64371640,391.00000000
23.76430794,16.07316258,1671.10208081,6.83972099,392.00000000
23.38132020,5.02075605,1466.11188181,2.39599492,393.00000000
26.54416894,13.71200565,1099.67470938,9.90423044,394.00000000
23.71281986,16.64157492,1993.09903910,5.92466234,395.00000000
28.94627956,12.05427792,1305.00384233,8.00086641,396.00000000
22.63907550,16.21422781,1834.17458434,5.98865293,397.00000000
21.65542100,17.91878214,1724.15512865,6.73462843,398.00000000
22.79605521,23.48457138,1459.75099126,10.97434013,399.00000000
27.48132940,20.98233057,1564.42329760,11.02940400,400.00000000
20.11756005,27.74582395,1689.93274409,9.88367301,401.00000000
28.45033266,18.04580952,1570.90508206,9.77976975,402.00000000
26.85041862,28.89908321,1548.00110739,14.99956681,403.00000000
24.25752368,23.65658995,1547.67336075,11.09517498,404.00000000
28.23651948,11.28340489,1499.25181609,6.35904076,405.00000000
25.86104444,14.13813423,1887.19333495,5.79744483,406.00000000
29.50033378,9.42889574,1402.14197673,5.93622877,407.00000000
22.41556561,14.00485825,1319.00237170,7.12192998,408.00000000
24.65679003,6.51036614,1015.75850351,4.72896763,409.00000000
22.94473906,15.15329322,1057.95964917,9.83412905,410.00000000
20.26312231,29.09485397,1687.58880848,10.45371770,411.00000000
23.73726525,19.17220201,1655.86991933,8.22415562,412.00000000
24.43263527,23.41825626,1903.97757411,8.99244715,413.00000000
25.44948343,10.69857283,1123.63957317,7.25091226,414.00000000
22.59950706,19.31172076,1024.21626175,12.75096723,415.00000000
22.76613712,27.32658486,1339.43381931,13.89851190,416.00000000
29.52646527,24.34901641,1873.68722201,11.48181760,417.00000000
21.47684367,21.94694725,1318.34565799,10.69867856,418.00000000
21.80508980,25.58869502,1361.76798182,12.26077030,419.00000000
24.60679266,13.60165312,1202.98561855,8.32532366,420.00000000
27.71807742,25.44209610,1918.23564661,11.00091710,421.00000000
25.98690530,26.61231913,1898.37625692,10.90108812,422.00000000
23.18025096,24.69896068,1129.23769738,15.17142245,423.00000000
21.17588887,18.89629142,1828.96106198,6.54679323,424.00000000
25.15555287,26.82533425,1373.16288037,14.70522964,425.00000000
26.74423455,12.90087203,1257.38047380,8.21102520,426.00000000
20.07016659,27.84987650,1392.43660465,12.01195444,427.00000000
24.44758399,7.65120471,1383.37538595,4.04613698,428.00000000
25.76318718,21.85902200,1648.13556675,10.22473925,429.00000000
24.14284015,22.82830204,1775.41306349,9.28918078,430.00000000
20.44392676,14.78863150,1622.41904962,5.57627424,431.00000000
20.20911422,26.13711010,1259.00932084,12.55424956,432.00000000
22.44323128,18.16277884,1864.24326983,6.54304569,433.00000000
28.37935905,8.25832839,1794.55770619,3.90797845,434.00000000
23.52403857,17.79650872,1980.29260300,6.32604368,435.00000000
22.62260419,28.87425066,1507.61076953,12.96519178,436.00000000
27.04789030,25.89230175,1116.77112454,18.76526652,437.00000000
24.16158378,13.20738298,1444.40314812,6.61102198,438.00000000
24.58969646,27.61995366,1263.07181790,16.09025494,439.00000000
27.84156187,25.10816419,1456.07086048,14.36616669,440.00000000
24.76539671,16.30075220,1778.65809472,6.79165034,441.00000000
27.23782412,28.12265248,1378.47232253,16.62820989,442.00000000
27.10866222,22.28318495,1195.78836410,15.11631332,443.00000000
24.99046693,8.13890624,1763.00436889,3.45224719,444.00000000
24.50927334,7.42829644,1512.01888209,3.60310821,445.00000000
27.05800907,11.17057126,1583.35049107,5.71227382,446.00000000
29.30652178,14.93268435,1006.19558594,13.01471349,447.00000000
21.01379765,21.35404712,1158.28489984,11.59268953,448.00000000
25.36455199,5.45138464,1077.40684178,3.84033535,449.00000000
29.69874357,13.58291880,1409.94665200,8.56137179,450.00000000
25.94710272,29.68757063,1336.54523566,17.24625194,451.00000000
20.45761248,27.88455382,1649.32521370,10.34968677,452.00000000
20.76786457,19.17827738,1723.32246839,6.91591657,453.00000000
25.25588856,12.76073476,1050.62687738,9.17919687,454.00000000
27.34295969,23.47424032,1423.05830801,13.49675084,455.00000000
22.98782547,5.97672628,1063.83264297,3.86458446,456.00000000
29.41633321,26.58276183,1146.49964055,20.40936867,457.00000000
27.18609083,15.65808717,1773.30911602,7.18316563,458.00000000
23.32023543,29.99460812,1196.30286419,17.49644587,459.00000000
26.94045334,20.88352786,1953.35136104,8.61872955,460.00000000
23.67199862,15.39015339,1056.72471179,10.31646404,461.00000000
22.65758341,18.45871918,1484.84379343,8.42847958,462.00000000
23.40931963,25.22233517,1082.36405967,16.32358625,463.00000000
21.98683096,25.73355387,1032.40069788,16.39943827,464.00000000
21.72733205,25.77501466,1693.82064399,9.89356378,465.00000000
27.51494074,26.54879470,1225.29486085,17.83970366,466.00000000
29.33222272,17.05057065,1756.54482801,8.51999837,467.00000000
29.75141677,17.26482730,1144.33223941,13.43175043,468.00000000
29.54155136,5.60323116,1164.16263292,4.25474013,469.00000000
22.57640324,14.05544036,1660.83027157,5.71727149,470.00000000
22.43312766,19.51082459,1282.98085513,10.20845770,471.00000000
27.11687166,20.13153877,1731.22089741,9.43580438,472.00000000
25.54939094,24.70303711,1468.39030257,12.86187403,473.00000000
27.58298435,20.66489649,1875.30036043,9.09533097,474.00000000
26.62990172,23.51682417,1573.16184503,11.91213724,475.00000000
29.26590817,17.35831017,1517.19718907,10.01941297,476.00000000
20.95670621,12.15480385,1808.03907985,4.21578082,477.00000000
22.28306622,16.43094287,1830.46406492,5.98537115,478.00000000
20.42233755,18.13005466,1288.51150437,8.59866680,479.00000000
28.81695905,22.81411042,1486.59811280,13.23344658,480.00000000
25.11188373,26.42955414,1729.84630896,11.48091407,481.00000000
24.81706083,7.24699477,1051.42739277,5.11851362,482.00000000
24.32553674,13.53638777,1412.72298748,6.97466036,483.00000000
29.70272981,19.89985603,1363.07869249,12.97598179,484.00000000
26.52307080,13.46688535,1009.41680920,10.58852075,485.00000000
23.06012632,29.24083846,1545.40715982,13.05639981,486.00000000
22.73774839,22.49009568,1272.64507534,12.02392657,487.00000000
22.05337682,20.58261332,1458.94801065,9.31002086,488.00000000
20.92390318,28.04028605,1495.96825623,11.73593297,489.00000000
23.23084902,8.83878266,1688.57666486,3.63874491,490.00000000
29.64843638,13.51906140,1312.91543462,9.13537622,491.00000000
27.60248202,19.46566871,1628.39315304,9.87354370,492.00000000
23.75431731,10.84431826,1148.11902699,6.71386727,493.00000000
24.75725334,19.57317010,1969.11708518,7.36388416,494.00000000
29.01525565,16.38491379,1597.34095459,8.90610462,495.00000000
26.12666223,7.38329468,1876.78876817,3.07562650,496.00000000
24.96420687,15.58451274,1085.13700317,10.72855631,497.00000000
29.34110999,6.03841265,1816.11390656,2.91924874,498.00000000
24.15430695,29.64050536,1647.80334642,13.00138627,499.00000000
27.88368278,29.45341666,1768.26257391,13.89805149,500.00000000
25.04481252,8.56202296,1559.71348045,4.11399921,501.00000000
22.17948834,25.86302045,1582.19735969,10.84888156,502.00000000
21.92767141,21.24935895,1987.00276210,7.01705263,503.00000000
25.70507998,11.89146880,1121.96997399,8.15244886,504.00000000
21.11689765,26.21549511,1414.10263413,11.71445545,505.00000000
26.27818236,10.79002943,1855.37736947,4.57299318,506.00000000
28.29495867,8.68549569,1277.02661738,5.75862211,507.00000000
25.92677190,23.58665994,1886.53499048,9.69984702,508.00000000
26.96741892,13.75980237,1310.15261207,8.47509447,509.00000000
23.79536015,20.20587792,1947.93760593,7.38600882,510.00000000
22.53866716,15.05467536,1513.66472095,6.70787240,511.00000000
26.97072254,24.80704692,1605.93298346,12.46680276,512.00000000
27.53132298,22.30111191,1494.02465687,12.29732612,513.00000000
26.29292379,7.59954419,1269.18302609,4.71104257,514.00000000
26.60893786,8.24510555,1061.14745258,6.18675446,515.00000000
23.74224123,11.87481093,1179.06203477,7.15527975,516.00000000
28.13192043,20.80881313,1302.91489651,13.44452608,517.00000000
27.36232235,9.30254924,1946.61440241,3.91281989,518.00000000
27.14886034,19.26891294,1679.92896511,9.31821565,519.00000000
25.01356092,5.67682414,1293.78920690,3.28422041,520.00000000
21.60165675,12.67349332,1866.77063422,4.38841103,521.00000000
23.19422647,11.57663910,1256.53089279,6.39446293,522.00000000
25.41353593,8.41620943,1711.73143783,3.73904644,523.00000000
24.01541637,25.39746448,1695.89902189,10.76205853,524.00000000
24.61471293,28.91285321,1071.83250891,19.86889242,525.00000000
26.93965623,6.19358059,1593.85272444,3.13256802,526.00000000
25.16361037,18.76787818,1700.02692320,8.31279720,527.00000000
23.63918553,18.71731775,1245.24070749,10.63255578,528.00000000
29.72564985,12.37992435,1804.03223853,6.10407571,529.00000000
21.21707345,7.41152097,1904.56025951,2.47065987,530.00000000
21.73454572,23.34221731,1556.72163152,9.75206466,531.00000000
29.12866584,16.98474166,1093.20170680,13.54235190,532.00000000
27.64308357,26.55709623,1042.67374608,21.06849399,533.00000000
22.90204988,21.84318440,1133.70061663,13.20403852,534.00000000
21.56836646,5.43966127,1766.76749401,1.98712216,535.00000000
23.54895687,28.34695285,1690.87032102,11.81360951,536.00000000
23.91854485,16.87047127,1014.74353694,11.89927584,537.00000000
22.07122872,9.70797205,1101.64468025,5.82007182,538.00000000
26.88471811,12.54546404,1474.32600579,6.84563198,539.00000000
22.12532739,20.83687092,1358.93743516,10.15167257,540.00000000
28.24893288,22.50727384,1084.78949306,17.53857599,541.00000000
28.05350444,20.92232808,1896.19097636,9.26253603,542.00000000
29.60132000,23.93581719,1221.85307808,17.35222646,543.00000000
29.09171814,9.09358593,1141.65735485,6.93399660,544.00000000
24.31373945,17.52592683,1438.13534108,8.86641083,545.00000000
28.34924721,21.28791136,1441.84507469,12.52480125,546.00000000
21.02887603,25.60485019,1469.91726316,10.96125463,547.00000000
24.59950691,7.98624434,1048.51546200,5.60672187,548.00000000
21.62742521,12.57391469,1737.69758049,4.68291191,549.00000000
26.57864339,28.18417122,1933.43659164,11.59372519,550.00000000
25.14739952,12.17621492,1059.19619511,8.65055221,551.00000000
29.84614942,6.63495970,1984.86285151,2.98545790,552.00000000
22.84057017,24.52952028,1774.41930092,9.44832014,553.00000000
24.82389624,23.67789484,1198.49449124,14.67546427,554.00000000
29.11165026,14.09429801,1592.85592121,7.70812303,555.00000000
23.47289648,6.21969888,1992.37600151,2.19270192,556.00000000
24.09887497,10.25972548,1440.72635958,5.13530052,557.00000000
25.34264080,13.01472429,1452.51216568,6.79488199,558.00000000
27.82724901,15.62900347,1367.91772768,9.51385309,559.00000000
20.53360892,18.80249942,1132.54041594,10.20098287,560.00000000
22.31659038,27.86616447,1021.69353653,18.21374488,561.00000000
21.39002328,16.94407824,1193.17761879,9.08947844,562.00000000
23.85736449,28.53048686,1041.94302127,19.54800922,563.00000000
24.89720870,13.16812985,1967.58139273,4.98605323,564.00000000
21.10069328,9.67943464,1848.54156858,3.30622459,565.00000000
20.47975356,18.33940654,1814.27499392,6.19472093,566.00000000
25.55303311,22.13331125,1031.42571242,16.40838178,567.00000000
21.59274674,11.39761162,1463.33278766,5.03261257,568.00000000
22.92163621,16.28440352,1792.22295071,6.23218438,569.00000000
23.83025561,26.63870581,1255.13779703,15.13440220,570.00000000
24.92024398,18.83533479,1301.68612450,10.79031729,571.00000000
29.37934723,7.34579964,1502.46197729,4.29825907,572.00000000
24.83178161,26.45657816,1844.15989192,10.66001553,573.00000000
23.58353690,24.92843007,1364.01054887,12.89736512,574.00000000
20.00352658,29.21958150,1496.11048069,11.69046405,575.00000000
25.28871650,10.54760714,1096.62853274,7.27840217,576.00000000
29.91349813,24.14940904,1746.80483348,12.37497079,577.00000000
23.82017517,11.45895071,1865.51060746,4.37831432,578.00000000
25.90088181,21.48482265,1454.25835855,11.45037241,579.00000000
20.75560869,22.16133256,1863.50743093,7.38609813,580.00000000
24.79960052,15.34420132,1385.51681914,8.21848994,581.00000000
21.09637707,23.11522735,1242.16176958,11.74742678,582.00000000
22.87173610,13.98513809,1937.63859622,4.93978413,583.00000000
25.21298501,25.06258083,1584.14020533,11.93634318,584.00000000
20.39540656,28.47530536,1488.59319520,11.67453482,585.00000000
24.51944898,10.82158901,1930.67176689,4.11252123,586.00000000
21.87573105,12.10762139,1878.54601009,4.21904763,587.00000000
23.20530975,25.96489203,1266.23755304,14.23880553,588.00000000
22.75071444,22.43929501,1235.87399797,12.36075247,589.00000000
21.76358914,27.58206006,1795.80358078,10.00260784,590.00000000
22.24688347,16.58268910,1348.04855517,8.18904882,591.00000000
22.48474682,24.65021860,1691.82450837,9.80321035,592.00000000
25.08933945,17.42179014,1227.43227268,10.65612545,593.00000000
22.06027432,17.12239726,1248.42068553,9.05376835,594.00000000
22.11639940,13.93189153,1275.51037554,7.22861959,595.00000000
23.03522133,24.78554033,1387.35525475,12.31453320,596.00000000
25.35644716,21.31814598,1941.77017327,8.33018919,597.00000000
23.44317488,19.14801452,1261.44733773,10.64843803,598.00000000
21.34337768,29.84785854,1430.62782674,13.32491711,599.00000000
24.78284678,27.75264523,1577.33833274,13.04804888,600.00000000
20.72731857,12.24520332,1332.85877646,5.69822828,601.00000000
22.85684332,9.24191571,1405.42912258,4.49763454,602.00000000
27.03874749,25.41933359,1264.81472964,16.26067887,603.00000000
22.99344490,5.71612509,1664.72135694,2.36253947,604.00000000
27.16960203,21.17326440,1322.78129020,13.01361372,605.00000000
28.68402318,18.01202351,1034.81716222,14.94011031,606.00000000
25.23130304,29.42330969,1290.17428905,17.21859364,607.00000000
29.99109168,26.22999109,1352.71429243,17.40200126,608.00000000
29.22550962,22.79415720,1543.07287622,12.91855836,609.00000000
23.51540696,29.48649970,1117.03007347,18.57486695,610.00000000
25.00923031,28.72799802,1307.42873953,16.44381257,611.00000000
24.22329235,6.35872807,1464.85699888,3.14646605,612.00000000
23.36178741,5.08667606,1161.62545176,3.06118013,613.00000000
29.87755345,28.76689166,1797.20226774,14.31053495,614.00000000
21.14578699,5.21667495,1744.63260927,1.89203210,615.00000000
28.76161161,29.03326283,1462.91298278,17.08069060,616.00000000
22.74122880,21.55014652,1585.44321509,9.24971433,617.00000000
20.73756820,18.53345402,1457.15487915,7.89265891,618.00000000
26.61449429,10.11105541,1514.20407361,5.31796110,619.00000000
23.61807507,25.08173374,1600.82487686,11.07319847,620.00000000
23.55898121,5.76336986,1762.32723539,2.30547969,621.00000000
20.87088879,8.67349644,1265.77949574,4.27948935,622.00000000
21.64179492,22.38594258,1630.78179247,8.88971148,623.00000000
28.92239965,24.82605937,1278.12592823,16.81060426,624.00000000
24.95951234,13.19561743,1166.75033105,8.44700470,625.00000000
22.21156271,5.50774988,1822.73675265,2.00837234,626.00000000
25.37561956,17.76997666,1097.99934661,12.28899273,627.00000000
21.99657605,11.51160431,1126.12933097,6.72848865,628.00000000
21.94453524,13.64758309,1749.20740519,5.12336957,629.00000000
20.43908647,18.61374073,1350.37267106,8.43055873,630.00000000
27.39243353,15.80609592,1328.24973424,9.75417064,631.00000000
29.46417565,20.61631071,1399.84795143,12.98491876,632.00000000
20.82813410,23.90837721,1575.54167641,9.45769764,633.00000000
28.60811768,17.28011375,1811.64878061,8.16538622,634.00000000
23.57815751,18.97682055,1177.90622347,11.36678005,635.00000000
25.13942998,19.34413395,1643.51386951,8.85413624,636.00000000
28.54412202,12.46501710,1670.07926035,6.37510500,637.00000000
23.07159652,7.04618960,1398.95994088,3.47729512,638.00000000
21.00982502,27.80018791,1716.70853909,10.18095356,639.00000000
26.79950995,23.72682498,1579.79245906,12.04429267,640.00000000
23.49427230,13.73650107,1058.76185335,9.12125703,641.00000000
21.85180504,17.07894917,1160.09156545,9.62655842,642.00000000
21.33673261,23.81197605,1667.53193095,9.11725391,643.00000000
29.57650386,20.30941036,1273.53370059,14.11394972,644.00000000
27.99403654,14.57277189,1370.23942436,8.90894115,645.00000000
28.65725787,17.00611824,1184.84550780,12.30815500,646.00000000
22.14973392,10.74680716,1029.51273465,6.91880521,647.00000000
22.27264771,15.35434831,1114.57001479,9.18143868,648.00000000
20.14374350,25.98044930,1893.40308931,8.27101133,649.00000000
24.13419244,9.03228138,1850.00044230,3.52592650,650.00000000
28.75258316,9.84909599,1087.23055111,7.79410851,651.00000000
23.33324769,19.61742179,1659.60213430,8.25330688,652.00000000
25.95794118,7.86842219,1540.17244695,3.96829003,653.00000000
28.32647519,28.21599659,1931.82929164,12.38038187,654.00000000
23.92873890,9.07280893,1831.96953631,3.54615885,655.00000000
25.79870143,13.65157605,1915.79555163,5.50105942,656.00000000
26.28323804,7.53615494,1019.65958844,5.81283957,657.00000000
22.66141400,12.59236189,1189.48941924,7.17874415,658.00000000
29.93037267,7.19007546,1635.38487086,3.93768031,659.00000000
27.09371653,19.78881994,1812.08939428,8.85367789,660.00000000
22.70815899,24.48498514,1234.49014599,13.47748945,661.00000000
25.47894350,10.01210801,1125.49872436,6.78229681,662.00000000
21.45187149,13.87701520,1345.94975699,6.61831234,663.00000000
22.55421244,14.03757591,1055.96508845,8.97191358,664.00000000
20.38381715,26.80019605,1252.44884004,13.05203856,665.00000000
22.64218538,9.35371438,1192.56182139,5.31418172,666.00000000
21.32296723,10.96978724,1374.16081961,5.09358009,667.00000000
26.37165542,21.45173512,1751.83932042,9.66318747,668.00000000
25.56943786,16.54709084,1168.97502834,10.83059845,669.00000000
27.02252479,10.45456376,1530.55096123,5.52330343,670.00000000
29.82149147,11.94048442,1404.76252144,7.58513390,671.00000000
21.05713865,28.55305064,1696.95038563,10.60223886,672.00000000
21.38359553,10.30329858,1663.27540171,3.96376327,673.00000000
23.65685838,27.15485186,1346.88840700,14.27209573,674.00000000
25.48042029,10.50524924,1769.39168050,4.52693047,675.00000000
24.74966576,13.81738302,1587.71895025,6.44519948,676.00000000
24.12420207,26.94797702,1170.82650395,16.61504179,677.00000000
26.68833496,9.63992550,1333.62024848,5.77268465,678.00000000
20.30287780,13.07066189,1627.19855422,4.88010862,679.00000000
25.88824110,6.13262622,1518.60790642,3.12837092,680.00000000
23.22764617,10.19134751,1410.24923035,5.02291464,681.00000000
20.22505629,26.02560974,1389.87451370,11.33260934,682.00000000
21.81085165,29.25897570,1372.22722858,13.91619695,683.00000000
20.24788286,28.77943799,1520.76306668,11.46608689,684.00000000
29.53855760,23.32168688,1891.32260687,10.89929702,685.00000000
20.68241023,19.90344964,1178.43421845,10.45295341,686.00000000
25.71499380,27.35193107,1955.07085528,10.76531576,687.00000000
24.64088215,22.08782345,1103.61267748,14.75731509,688.00000000
27.52853385,18.68484368,1951.93383481,7.88537434,689.00000000
22.40354072,18.58087975,1965.98084451,6.33604873,690.00000000
21.25767121,27.04562903,1313.17314144,13.10103594,691.00000000
20.71843240,8.91243585,1639.47526436,3.37025916,692.00000000
24.30316571,15.46503342,1267.22475595,8.87513401,693.00000000
26.46406315,9.27134065,1220.76557440,6.01425234,694.00000000
25.57245173,21.19081164,1978.65491625,8.19529813,695.00000000
26.78690537,22.74829569,1631.96989613,11.17311122,696.00000000
21.26552028,14.34935470,1982.03850768,4.60692512,697.00000000
20.08594528,5.97162084,1388.33213209,2.58527045,698.00000000
21.82015911,17.60092212,1608.06679491,7.14667622,699.00000000
20.74707751,29.66126176,1561.73450359,11.79109674,700.00000000
26.25705183,20.22585445,1758.38853639,9.03759452,701.00000000
28.87645452,9.41418755,1047.32150003,7.76714751,702.00000000
24.05435406,10.29220460,1934.68245030,3.82919316,703.00000000
20.51747677,24.51234645,1142.15189076,13.17649285,704.00000000
22.18084710,29.78901221,1790.05283854,11.04544550,705.00000000
28.89734314,17.04735838,1152.11514488,12.79481403,706.00000000
26.23104184,12.88397934,1921.26093302,5.26373559,707.00000000
28.26896525,11.44459905,1634.72253532,5.92217588,708.00000000
25.84343437,24.95951030,1672.71838396,11.53926945,709.00000000
24.56093014,14.53374497,1589.03663968,6.72207403,710.00000000
20.80831251,11.67119938,1321.98971550,5.49716953,711.00000000
21.88031673,17.52346626,1952.28395003,5.87686202,712.00000000
24.91547117,15.88048096,1943.29375384,6.09269107,713.00000000
28.77054285,11.96350499,1809.37731046,5.69235804,714.00000000
26.69323180,11.69854591,1988.00989115,4.70034091,715.00000000
20.12698413,8.42512834,1134.68812056,4.47191539,716.00000000
21.22811697,13.44855549,1473.66002814,5.79701821,717.00000000
21.89696265,19.00762412,1519.92106060,8.19418070,718.00000000
22.30906983,15.95040803,1045.55720186,10.18404522,719.00000000
22.38856132,6.86902050,1354.73895147,3.39688026,720.00000000
26.44895340,25.02144377,1214.65661330,16.30355056,721.00000000
27.68577056,5.24696538,1966.16542821,2.21085172,722.00000000
29.73204422,10.36741812,1826.06451549,5.05119488,723.00000000
26.65858616,7.29747385,1956.81426693,2.97491740,724.00000000
21.52869680,20.75769597,1369.62749107,9.76358430,725.00000000
21.19356571,13.04844271,1912.07136944,4.32786268,726.00000000
29.67802817,26.91226445,1026.93819154,23.27318576,727.00000000
26.51902390,29.15008258,1137.90763947,20.32849223,728.00000000
27.40833151,24.45465074,1973.83720901,10.16126058,729.00000000
25.60076269,24.43461951,1534.40478717,12.19925746,730.00000000
26.59178529,27.26734366,1668.84952773,13.00133666,731.00000000
23.16645935,10.88440260,1204.03192362,6.26673191,732.00000000
27.32344179,17.73682396,1536.55328547,9.43796780,733.00000000
26.72462724,9.91434792,1613.49848204,4.91385240,734.00000000
29.86322876,12.62173224,1916.75334138,5.88442933,735.00000000
24.23317329,29.60283489,1230.52903975,17.44482354,736.00000000
21.36371266,8.98875538,1276.33808637,4.50220658,737.00000000
21.48733899,6.89513444,1730.24882286,2.56230998,738.00000000
25.89960994,7.16580602,1602.24613192,3.46612241,739.00000000
22.25544433,22.98964676,1159.42210889,13.20510464,740.00000000
21.93109026,5.05431155,1340.09564023,2.47514869,741.00000000
24.49430503,29.30665964,1538.18259215,13.96491856,742.00000000
29.88167609,14.60576738,1210.24295189,10.79124688,743.00000000
20.90008376,25.14972422,1928.94439448,8.15410693,744.00000000
22.81836384,25.71459615,1841.99312204,9.53215425,745.00000000
25.06308222,13.13796640,1422.78755272,6.92528141,746.00000000
24.94325706,28.99952019,1070.33647641,20.22267051,747.00000000
29.21020045,11.64350467,1806.58880251,5.63344167,748.00000000
20.28014399,23.08099275,1867.59759374,7.49992759,749.00000000
28.31313321,24.09657226,1944.11541311,10.50112950,750.00000000
29.08756385,21.33661725,1005.10443715,18.47721801,751.00000000
29.47201444,16.56961995,1838.09082474,7.95005730,752.00000000
26.45892971,10.44969698,1637.68612192,5.05196296,753.00000000
24.85219301,20.69396996,1492.30894419,10.31251628,754.00000000
27.28089804,23.55060316,1442.72836682,13.32572918,755.00000000
29.28617167,20.47996157,1501.80939017,11.95065703,756.00000000
25.96369365,26.27601058,1901.81536754,10.73426738,757.00000000
20.83569857,14.71280365,1187.65789238,7.72372856,758.00000000
29.63562235,14.97225660,1541.57004238,8.61296948,759.00000000
29.55689629,15.48630101,1654.16905083,8.28021265,760.00000000
29.59237870,16.18864057,1539.88010891,9.30932527,761.00000000
25.26063823,14.97889107,1704.26507415,6.64357275,762.00000000
26.04059249,18.97254794,1892.46854509,7.81200850,763.00000000
26.38825219,7.68779397,1815.71205466,3.34333767,764.00000000
27.13125256,13.29624878,1079.50718042,9.99973056,765.00000000
21.90262569,22.76688310,1699.70005793,8.77894497,766.00000000
27.62747163,7.30656607,1710.40391804,3.53159287,767.00000000
23.02932715,15.78809955,1260.56615608,8.63098416,768.00000000
22.42732003,8.94060279,1698.83559447,3.53189421,769.00000000
25.73087792,24.16513809,1595.88341693,11.65890009,770.00000000
29.18366821,27.96351383,1090.45330432,22.39439872,771.00000000
25.74278945,18.35537459,1007.09758697,14.03983999,772.00000000
20.02742848,22.20269788,1874.65604231,7.09780723,773.00000000
29.38280612,12.40111663,1722.26699989,6.33094351,774.00000000
28.48971878,29.53032742,1936.34133865,13.00137738,775.00000000
23.62624679,7.36711483,1745.06844509,2.98465795,776.00000000
26.21373247,6.90779663,1642.17901898,3.29961116,777.00000000
20.62853903,6.76405992,1721.43339474,2.42549593,778.00000000
25.83176996,18.74363323,1735.34296950,8.34905801,779.00000000
22.37764969,6.27897821,1972.10161353,2.13200891,780.00000000
20.78347719,26.52403934,1065.60048122,15.48026253,781.00000000
28.14594803,14.82745595,1846.67320529,6.76250086,782.00000000
29.89403956,16.26346306,1188.98918892,12.23586239,783.00000000
28.52892549,9.98406996,1620.17344893,5.26073441,784.00000000
26.84983087,19.28351615,1377.19901930,11.24982930,785.00000000
27.57090436,5.62762206,1477.89554548,3.14157225,786.00000000
20.54730370,23.98408326,1800.42314262,8.19064746,787.00000000
21.49180323,21.20965166,1095.53601830,12.45072348,788.00000000
24.88000650,15.54833370,1783.88129090,6.48908180,789.00000000
25.82788569,15.51203980,1104.01943177,10.85915183,790.00000000
24.37734829,23.89624577,1479.78530411,11.77964726,791.00000000
27.97337140,10.75656416,1560.93276582,5.76831599,792.00000000
26.01034551,12.71219445,1240.40515262,7.97660239,793.00000000
23.09084186,23.18299431,1098.26113332,14.58540651,794.00000000
23.50497124,11.99895818,1379.96755655,6.11574325,795.00000000
27.06204890,24.37288020,1991.34128236,9.91143844,796.00000000
21.24864254,11.90709192,1300.46770812,5.82173162,797.00000000
20.37022562,20.29819789,1568.89673499,7.88630954,798.00000000
29.44035647,29.77321858,1120.82747612,23.40156695,799.00000000
24.93836271,28.09969729,1591.43202570,13.17638701,800.00000000
28.30700577,27.10108747,1524.70364239,15.05601610,801.00000000
24.29899845,6.68156229,1211.06168427,4.01157566,802.00000000
25.49728282,25.51616871,1062.18125977,18.32844365,803.00000000
24.47184044,14.64258661,1926.01643279,5.56723178,804.00000000
23.46621684,7.91625742,1772.74032916,3.13568710,805.00000000
28.82911603,20.45563366,1959.03027637,9.00778419,806.00000000
26.32657774,14.73346573,1705.56876613,6.80526354,807.00000000
27.49018617,8.02037011,1552.65248120,4.24925394,808.00000000
22.89370316,7.84564727,1888.94965047,2.84537362,809.00000000
24.53583839,5.89754011,1748.94723474,2.47576806,810.00000000
29.48833461,11.75849243,1922.30798874,5.39751398,811.00000000
20.01013823,22.68089068,1983.54207101,6.84673683,812.00000000
28.61179151,11.79337384,1140.77347837,8.85112672,813.00000000
26.16718523,17.94947638,1326.38602969,10.59628695,814.00000000
23.24929931,16.12294571,1145.74714188,9.78994687,815.00000000
22.23943374,18.25080350,1088.42236825,11.15894438,816.00000000
25.24879622,17.59261388,1656.64079125,8.02338356,817.00000000
29.39419231,14.45576942,1380.17644777,9.21261641,818.00000000
25.45071237,23.28438341,1590.17930384,11.15150401,819.00000000
26.39503257,6.84045151,1324.52264960,4.07908203,820.00000000
21.77157055,23.44485782,1153.64918089,13.23970954,821.00000000
22.68554113,22.02196534,1431.63744020,10.44208027,822.00000000
28.69291416,9.65962468,1950.19428547,4.25276993,823.00000000
23.29268127,27.65563416,1500.67182052,12.84494459,824.00000000
29.98826036,8.15890239,1149.79094063,6.36764708,825.00000000
20.56638784,29.73674245,1531.91531166,11.94624763,826.00000000
27.73362698,24.24895122,1253.53330688,16.05382812,827.00000000
28.17929303,15.92578778,1216.51786790,11.03894024,828.00000000
22.15638460,17.68003215,1247.15909129,9.39885491,829.00000000
27.08465201,12.31767945,1443.77876130,6.91458892,830.00000000
23.42003776,15.07550074,1535.61900873,6.88003607,831.00000000
28.04525466,6.55995296,1681.19159426,3.27459625,832.00000000
20.52183943,28.58543943,1889.17637639,9.29187821,833.00000000
28.79567933,27.30629817,1175.61538892,20.01426987,834.00000000
20.25203609,22.90470576,1976.54087598,7.02267332,835.00000000
23.48404585,5.30858803,1610.69671411,2.31607718,836.00000000
20.23113405,28.29679761,1163.06744512,14.72880368,837.00000000
23.43589057,9.14154331,1618.88135623,3.96005136,838.00000000
27.75395696,12.85179791,1781.06625058,5.99271440,839.00000000
23.04369981,18.11938461,1371.31613355,9.11114429,840.00000000
23.08582617,25.29069582,1542.46842785,11.32673587,841.00000000
26.63855688,23.13919808,1508.96734094,12.22345602,842.00000000
26.64906441,18.08901488,1718.52440381,8.39375011,843.00000000
24.41983328,14.40967651,1825.59225189,5.76777087,844.00000000
21.43126466,24.27642310,1917.83878119,8.11774226,845.00000000
24.52763525,10.49398268,1054.34359040,7.30514292,846.00000000
26.56788493,18.42196247,1657.02884909,8.83848160,847.00000000
26.67263965,11.32006324,1040.43781119,8.68387535,848.00000000
29.83679984,18.77782688,1233.28524672,13.59405092,849.00000000
23.77493955,11.23385473,1784.93154955,4.47756105,850.00000000
23.95837489,13.41785233,1506.58233300,6.38502131,851.00000000
27.27040254,27.27960133,1881.88364151,11.82909876,852.00000000
29.49148419,13.77846575,1244.38720416,9.77140043,853.00000000
26.06136210,14.90383714,1173.06151784,9.90807478,854.00000000
20.69593226,8.17702684,1964.33822227,2.57797681,855.00000000
29.42237639,26.71869397,1106.92319695,21.25153678,856.00000000
26.53856124,19.35612395,1381.64533380,11.12535944,857.00000000
20.88991381,7.01348651,1139.44933662,3.84760474,858.00000000
22.00980027,18.22895004,1207.59679224,9.94192912,859.00000000
20.48413398,21.98178773,1044.16635599,12.90404233,860.00000000
21.57544605,17.83058881,1957.18532900,5.88177454,861.00000000
28.11481985,5.18359595,1989.38816898,2.19210712,862.00000000
26.20992537,11.82056428,1487.62654205,6.23196394,863.00000000
27.66577313,28.01137433,1197.74466363,19.36100250,864.00000000
26.42281932,16.67538326,1995.89412568,6.60590519,865.00000000
26.19557306,25.35156530,1497.64510232,13.26901330,866.00000000
25.69267781,7.89892066,1860.58682748,3.26393903,867.00000000
28.09766981,24.89587963,1475.32417707,14.18813061,868.00000000
26.33186858,20.37170678,1075.34184018,14.92716758,869.00000000
27.54411569,28.70685050,1186.92989186,19.93444602,870.00000000
25.20789237,18.85455537,1999.60474068,7.11252049,871.00000000
20.64763280,24.19466222,1218.81822113,12.26494909,872.00000000
27.55371970,23.38735368,1353.84318729,14.24320787,873.00000000
20.40170060,9.57898242,1311.17269785,4.46006005,874.00000000
24.54584372,11.60667996,1895.95808478,4.49647413,875.00000000
22.86741700,14.58644407,1481.58081712,6.73683721,876.00000000
21.91132988,9.96024131,1073.83179634,6.08159080,877.00000000
26.48330732,7.21229099,1254.12066978,4.55744034,878.00000000
21.74551915,15.69256129,1074.44295949,9.50375225,879.00000000
24.40512100,12.01087445,1661.76861936,5.27837080,880.00000000
23.13795744,17.23277787,1461.49757271,8.16388853,881.00000000
26.17373197,21.12816693,1128.26851364,14.66661388,882.00000000
27.86641257,16.83409272,1119.04188199,12.54409382,883.00000000
23.84004355,10.70597196,1511.77955400,5.05195572,884.00000000
26.71519816,7.97099821,1429.11381823,4.45881189,885.00000000
24.69514114,27.63846106,1581.06569589,12.91785220,886.00000000
25.62434148,23.97476671,1394.08357946,13.18660959,887.00000000
26.95083244,28.06883303,1757.36458564,12.88099844,888.00000000
29.23199182,6.33183846,1674.37017935,3.30789420,889.00000000
22.61548870,20.77520475,1135.59678937,12.38060850,890.00000000
28.85281301,15.14752055,1621.24760212,8.06668729,891.00000000
29.10413765,8.03996264,1236.46870598,5.66292089,892.00000000
20.16507633,27.42999823,1262.32256193,13.11203688,893.00000000
25.53807684,21.79489911,1872.57154210,8.89445803,894.00000000
26.75536064,19.86112288,1509.26850354,10.53568932,895.00000000
28.59754181,9.93167322,1113.17552848,7.63488204,896.00000000
28.18085158,9.78460036,1870.85356374,4.41034198,897.00000000
20.58664593,26.34529938,1720.16707028,9.43480570,898.00000000
21.08047736,10.09111539,1017.45970347,6.25629548,899.00000000
25.22466945,23.63040521,1425.15533409,12.51553177,900.00000000
20.17368456,28.68614434,1925.56869829,8.99317914,901.00000000
25.17457060,9.82486926,1356.62095951,5.45563348,902.00000000
26.05870619,17.13097523,1232.08493927,10.84199355,903.00000000
25.65624179,15.04911722,1571.74883073,7.35081979,904.00000000
29.95900854,19.20635666,1107.15578767,15.55172430,905.00000000
22.22377046,14.19493799,1002.51597943,9.41618095,906.00000000
29.71553126,15.20104816,1012.48590456,13.35005040,907.00000000
21.23222015,16.34080148,1191.69153172,8.71203811,908.00000000
23.37779530,23.71682671,1320.42695780,12.56494542,909.00000000
27.87835434,7.62127780,1801.67478880,3.52885149,910.00000000
24.70593668,8.76735989,1083.96073059,5.97959082,911.00000000
22.93073415,24.62808373,1472.72800139,11.47468820,912.00000000
28.16289578,6.07509164,1251.99362096,4.08924266,913.00000000
26.02581076,17.66579226,1623.02164521,8.47672184,914.00000000
28.02482728,11.83878473,1209.03425279,8.21157229,915.00000000
29.36915787,28.43194823,1351.60484470,18.48686333,916.00000000
28.99015424,28.82784511,1100.27162915,22.72885972,917.00000000
22.33333593,25.91017389,1382.65419390,12.52348523,918.00000000
25.27714596,11.06521186,1754.32890684,4.77080436,919.00000000
27.26414192,29.91468445,1205.19456996,20.25041606,920.00000000
29.15890518,25.63260955,1853.05324376,12.06954768,921.00000000
21.16034163,25.34991954,1842.59978772,8.71130262,922.00000000
28.58825215,20.38451027,1835.21670202,9.50200796,923.00000000
21.44351970,6.39111267,1954.73407155,2.09797215,924.00000000
29.29754546,24.98014507,1820.00966770,12.03281820,925.00000000
27.19282439,9.57267523,1515.97423040,5.13819617,926.00000000
24.33223179,25.18529494,1569.39647119,11.68452794,927.00000000
29.04326580,19.43797568,1304.34049402,12.95150876,928.00000000
27.33385501,11.13394186,1949.31195444,4.67179036,929.00000000
20.93107531,22.12337866,1022.87961242,13.54669421,930.00000000
25.58921373,22.88550041,1185.06147022,14.78738341,931.00000000
25.50669085,7.81096289,1885.81881672,3.16135731,932.00000000
20.50751713,14.88598350,1344.37724660,6.79491956,933.00000000
25.80011986,24.90991281,1734.77732392,11.08574926,934.00000000
22.45610610,17.80808830,1802.69278358,6.63811679,935.00000000
28.15267387,25.15487528,1482.45354146,14.29471769,936.00000000
23.21315275,11.41825448,1053.58280658,7.52800726,937.00000000
28.57787919,9.45437376,1871.83977440,4.31925604,938.00000000
23.01761002,29.28754361,1968.82906360,10.24589784,939.00000000
22.69718715,23.02307354,1553.58185521,10.06505277,940.00000000
23.11588873,6.32353623,1862.24271702,2.34881698,941.00000000
29.45765675,23.79164404,1274.10203535,16.46013142,942.00000000
25.09980349,13.95537758,1638.91587234,6.39543528,943.00000000
26.82120607,11.00730798,1843.60689609,4.79188022,944.00000000
26.24034390,14.10528463,1788.89975444,6.19127692,945.00000000
26.40658430,8.36206827,1938.98340752,3.40774196,946.00000000
21.27661493,18.38899503,1325.33828132,8.83382199,947.00000000
23.94992908,26.74631369,1555.39755056,12.32371403,948.00000000
28.46319749,16.14179518,1427.83698089,9.62879077,949.00000000
24.06174560,24.73914952,1503.76618717,11.84531019,950.00000000
24.68853392,27.94778499,1646.97629225,12.53632388,951.00000000
23.25840334,5.84448470,1527.16505279,2.66351412,952.00000000
29.20209917,19.38504437,1733.02530940,9.77441609,953.00000000
26.35383709,17.70660842,1765.86454046,7.90745468,954.00000000
27.91955139,15.27504131,1803.76852479,7.07497455,955.00000000
28.41377453,29.95167217,1786.13159048,14.25776357,956.00000000
22.71691082,17.20893587,1434.07353620,8.15730545,957.00000000
28.07631275,15.31446880,1738.58037262,7.40051756,958.00000000
28.40230269,5.03409557,1213.94937753,3.52443323,959.00000000
26.08189065,11.03035871,1020.96060817,8.43207725,960.00000000
24.21599643,18.52204160,1694.42605013,7.92106244,961.00000000
29.68052847,13.11475238,1415.60710489,8.22818121,962.00000000
21.58593537,26.07900494,1471.97134757,11.44398790,963.00000000
23.53228164,14.16540418,1625.41674761,6.13681646,964.00000000
23.86516123,16.61070319,1091.98869746,10.86298312,965.00000000
26.77102468,8.51030577,1636.21262804,4.16663325,966.00000000
29.32092239,12.84538809,1451.69356718,7.76362881,967.00000000
22.03912583,16.74094411,1913.95974200,5.76841330,968.00000000
21.06063507,11.21663722,1985.41164778,3.56039701,969.00000000
25.85174465,22.94934508,1122.60231559,15.81426738,970.00000000
29.06208689,5.87439521,1979.02619959,2.58138791,971.00000000
29.66799089,11.17920757,1286.45580134,7.71470181,972.00000000
22.49194881,16.96817323,1033.72476082,11.04770613,973.00000000
23.14149867,21.96204803,1906.29056114,7.97792736,974.00000000
29.90710850,6.26753186,1717.72850800,3.26536182,975.00000000
26.89047740,16.77648302,1701.09575671,7.93570527,976.00000000
25.78950140,5.29351758,1200.62527803,3.40247294,977.00000000
20.36850091,18.06425858,1805.45013144,6.09829695,978.00000000
29.80462419,8.47818174,1963.94942690,3.85009042,979.00000000
24.45424208,10.65395166,1576.57387876,4.94499047,980.00000000
20.67354850,17.47034746,1165.16763646,9.27562140,981.00000000
28.50983031,12.62993392,1498.19435119,7.19187967,982.00000000
23.27039633,19.53854533,1485.77568144,9.15709286,983.00000000
26.99955412,21.88792578,1791.77392093,9.86944759,984.00000000
27.61856938,28.32166300,1798.18269469,13.01670231,985.00000000
21.71985985,25.27298496,1782.06960158,9.21730063,986.00000000
20.35433142,8.85680152,1027.90463908,5.24802366,987.00000000
27.59067733,16.16258847,1109.54994136,12.02655605,988.00000000
24.04334053,17.48907873,1432.66254572,8.78279387,989.00000000
24.71177343,21.53176229,1124.12931154,14.16387466,990.00000000
20.59986719,16.03086218,1927.91647509,5.12563815,991.00000000
27.65457985,6.74602730,1078.78887406,5.17479985,992.00000000
24.38540437,17.95974437,1408.24753166,9.30606263,993.00000000
20.33501032,22.64661615,1736.94870615,7.93369645,994.00000000
27.43927787,11.53121562,1314.50746462,7.20277040,995.00000000
21.75315565,14.75857612,1836.55789297,5.23090654,996.00000000
27.17496780,16.87608463,1460.66559882,9.39517316,997.00000000
24.62234851,18.32327605,1789.60542768,7.54380003,998.00000000
25.59514709,26.19857363,1243.47005941,16.13670283,999.00000000
22.56850618,18.29294532,1529.83863264,8.07524455,1000.00000000
